Shelby Macias	3027 Lorem St.|Kokomo|Hertfordshire|L9T 3D5|Finland	1 66 890 3865-9584	et@eratvolutpat.ca
Porter Coffey	Ap #827-9064 Sapien. Rd.|Palo Alto|Fl.|HM0G 0YR|Cameroon	1 80 177 2329-1167	Cras@semperpretiumneque.ca
Noelani Ward	637-911 Mi Rd.|Monrovia|MB|M5M 6SC|Israel	1 15 373 1666-1277	adipiscing@neque.edu
Lillian Cotton	Ap #210-1906 Integer Ave|Caguas|SXW|GG2 3OZ|Bosnia and Herzegovina	1 78 430 9566-0782	Aliquam.nisl@semper.ca
Ursa Faulkner	2409 Nunc Rd.|Riverside|Dumfries and Galloway|5212HW|Azerbaijan	1 52 753 7463-9457	scelerisque.mollis@Classaptenttaciti.org
Cailin Mckinney	478-3213 Lobortis Ave|Laurel|Kentucky|I6J 3C9|Barbados	1 79 995 2548-8813	Nunc.quis@habitant.com
Heidi Lawson	Ap #749-5797 Neque Street|Clarksburg|West Virginia|N9Y 4V1|Portugal	1 38 811 3674-1503	pede.Suspendisse@tinciduntorci.ca
Mariam Madden	P.O. Box 954, 1447 Eget Rd.|Yakima|Nova Scotia|8770FU|Iceland	1 87 146 7952-0549	nonummy.ac@Namporttitorscelerisque.edu
Velma Combs	P.O. Box 576, 306 Rhoncus. St.|Sioux City|Fl.|G2N 3Q9|Czech Republic	1 18 140 9631-7815	mollis@lacusMauris.org
Velma Combs	P.O. Box 576, 306 Rhoncus. St.|Sioux City|Fl.|G2N 3Q9|Czech Republic	1 18 140 9631-7815	mollis@lacusMauris.org
Justine Berry	Ap #501-314 Cubilia Av.|Princeton|NV|LD6F 9WU|Bolivia	1 14 389 4070-4774	metus.In.nec@mattis.com
Brady Barton	Ap #811-1181 Vel Avenue|Fairfield|British Columbia|08955|Nigeria	1 95 730 3415-4735	ultricies.d@ignissim.lacus@maurisrhoncus.edu
Rina Hammond	527-2541 Ac Street|Littleton|U.|86323|Peru	1 73 135 2195-4397	Duis.mi.enim@lectussitamet.edu
Odysseus Whitaker	349-561 Nunc Street|Commerce|Carmarthenshire|7282OV|Virgin Islands, British	1 41 823 6208-5397	non@sed.com
Hoyt Herrera	Ap #851-6959 Euismod Avenue|Union City|Saskatchewan|3029IE|Saint Lucia	1 64 938 4743-4203	mi.Aliquam.gravida@nullaIntegerurna.ca
Hoyt Herrera	Ap #851-6959 Euismod Avenue|Union City|Saskatchewan|3029IE|Saint Lucia	1 64 938 4743-4203	mi.Aliquam.gravida@nullaIntegerurna.ca
Madonna Wilder	166 Vel, Ave|Brookings|WA|19253|Kenya	1 66 454 7407-0860	nibh.vulputate.mauris@a.ca
Quincy Sloan	Ap #906-4991 Ultrices. Ave|Starkville|ANT|0391EO|Chile	1 21 518 3959-6445	purus@utnullaCras.com
Xyla Emerson	Ap #198-6297 Cursus Rd.|Tonawanda|Noord Holland|IG6 0SD|Malawi	1 12 546 4740-2561	varius.Nam@Morbi.com
Xyla Emerson	Ap #198-6297 Cursus Rd.|Tonawanda|Noord Holland|IG6 0SD|Malawi	1 12 546 4740-2561	varius.Nam@Morbi.com
Xyla Emerson	Ap #198-6297 Cursus Rd.|Tonawanda|Noord Holland|IG6 0SD|Malawi	1 12 546 4740-2561	varius.Nam@Morbi.com
Xyla Emerson	Ap #198-6297 Cursus Rd.|Tonawanda|Noord Holland|IG6 0SD|Malawi	1 12 546 4740-2561	varius.Nam@Morbi.com
Jana Barron	Ap #482-1628 Arcu. Av.|Vallejo|Manitoba|X6 6EG|Falkland Islands (Malvinas)	1 49 762 9026-8910	Aenean.euismod.mauris@rutrum.com
Sybill Chaney	202-6462 Sem St.|Compton|Zld.|K4W 3H0|French Guiana	1 22 566 4764-0702	nascetur.ridiculus@tempusscelerisque.ca
Gil Grimes	370-722 A, Ave|Santa Clara|Connecticut|P6 9SJ|Western Sahara	1 98 363 2963-6167	dui.in.sodales@eu.ca
Mikayla Dickerson	P.O. Box 482, 3181 Nulla Av.|Orlando|NE|YI0 5MQ|Ethiopia	1 44 344 9787-7214	libero@Nullasempertellus.org
Brooke Berry	Ap #842-188 Orci. St.|Anchorage|N.-Br.|C2Y 8K0|Gabon	1 73 249 3503-2832	et.nunc.Quisque@luctusutpellentesque.ca
Noel Cummings	Ap #183-2298 Vulputate, St.|San Rafael|Fl.|94023|Italy	1 50 433 2050-1113	Nulla.interdum.Curabitur@semvitae.com
Sydnee Brewer	Ap #277-1897 Sed Road|Marshall|Co. Galway|R9G 8B3|China	1 95 618 5269-7813	tincidunt.neque@neque.edu
Inga Maddox	3758 Sem. St.|Rolling Hills Estates|Utrecht|9208BV|Albania	1 43 448 5837-9307	Aliquam@interdum.org
Basil Wong	P.O. Box 689, 4563 Sem, Rd.|Farmington|Newfoundland and Labrador|0090JB|San Marino	1 57 164 2566-6318	orci@Proin.ca
Basil Wong	P.O. Box 689, 4563 Sem, Rd.|Farmington|Newfoundland and Labrador|0090JB|San Marino	1 57 164 2566-6318	orci@Proin.ca
Vaughan Head	P.O. Box 862, 1395 Enim St.|Bowling Green|West Lothian|E8X 7D0|Pakistan	1 25 973 8199-1702	ligula.Aenean@vehiculaetrutrum.edu
Vaughan Head	P.O. Box 862, 1395 Enim St.|Bowling Green|West Lothian|E8X 7D0|Pakistan	1 25 973 8199-1702	ligula.Aenean@vehiculaetrutrum.edu
Nathaniel Clark	426-4352 Vitae Street|Berlin|MB|E05 3VP|Nigeria	1 48 499 1103-4474	hendrerit.a.arcu@Quisquetinciduntpede.ca
Aristotle Snider	P.O. Box 314, 3362 Urna St.|Bradbury|Groningen|42186|Tanzania, United Republic of	1 34 804 7022-2355	mi.enim@lobortis.org
Lavinia Powell	P.O. Box 991, 780 Nunc Street|Lawrence|MSY|SA89 3KM|Russian Federation	1 77 142 8258-2634	Donec.est.Nunc@eteuismod.com
Mary Rodriguez	726-3913 Morbi Road|Danville|FLN|9722JQ|Reunion	1 23 116 7861-2344	Aliquam.adipiscing.lobortis@aliquet.org
Hillary Thornton	P.O. Box 593, 1379 Elit, St.|Reading|L.|30053|Mali	1 13 704 4535-6317	risus@lobortis.com
Hillary Thornton	P.O. Box 593, 1379 Elit, St.|Reading|L.|30053|Mali	1 13 704 4535-6317	risus@lobortis.com
Hillary Thornton	P.O. Box 593, 1379 Elit, St.|Reading|L.|30053|Mali	1 13 704 4535-6317	risus@lobortis.com
Diana Le	5311 Non, Rd.|Hornell|WOR|14060|Jamaica	1 88 570 7022-1726	tortor@hendrerit.com
David Marks	192-3435 Non Rd.|Hoboken|Sutherland|P8J 7N5|Kenya	1 70 723 9855-0684	feugiat@maurisipsum.edu
Helen George	6803 Malesuada. Avenue|Michigan City|South Glamorgan|M9P 1A2|Uganda	1 53 302 4459-3369	lobortis@Nulla.com
Helen George	6803 Malesuada. Avenue|Michigan City|South Glamorgan|M9P 1A2|Uganda	1 53 302 4459-3369	lobortis@Nulla.com
Ashely Benson	P.O. Box 178, 756 Convallis Rd.|Benton Harbor|MEA|B0Q 4KH|Iran, Islamic Republic of	1 49 762 7733-8449	nascetur@lobortis.org
Madison Cooke	Ap #530-3266 Purus Street|Ontario|QC|WZ0 7KL|Palestinian Territory, Occupied	1 59 745 4635-2899	Nunc.ullamcorper.velit@nectellusNunc.ca
Jessica Myers	529-4796 Lacus. Rd.|Fairbanks|Co. Carlow|17545|Kiribati	1 45 238 1848-4739	non@et.ca
Addison Sosa	255-5605 Ipsum Rd.|Miami Beach|Glamorgan|53691|Viet Nam	1 91 809 6073-6152	dui.quis.accumsan@Nam.ca
Sigourney Bell	Ap #917-3513 Pede. Rd.|Elkhart|YT|2278KF|Australia	1 26 486 2877-6619	non.cursus.non@Curae;.edu
Elvis Rios	P.O. Box 260, 6692 Risus, Rd.|Juneau|WA|S2Y 4U0|Egypt	1 71 492 7601-9283	dignissim@ut.ca
Brianna Whitehead	983-6154 Quam. Avenue|Muncie|New Mexico|6345OI|United Arab Emirates	1 66 185 3741-2478	quam@tincidunt.ca
Brianna Whitehead	983-6154 Quam. Avenue|Muncie|New Mexico|6345OI|United Arab Emirates	1 66 185 3741-2478	quam@tincidunt.ca
Elaine Henry	Ap #877-9679 Ante, Street|Brea|Nunavut|93918|Saint Kitts and Nevis	1 91 514 4489-7577	a.enim.Suspendisse@velit.ca
Phillip Murphy	1281 Phasellus Road|Columbus|Utrecht|74662|Czech Republic	1 59 961 3499-6277	eu.tellus@Cum.com
Kirestin Martin	2388 Ligula. Avenue|Seattle|Pembrokeshire|89976|Congo	1 53 796 3218-4187	Cras.eget.nisi@magnased.ca
Fulton Cleveland	4285 Adipiscing, St.|Chattanooga|MA|H1F 2P3|Zambia	1 33 578 5004-2883	Cras.lorem@semsemper.com
Otto Russo	Ap #785-9713 Arcu Ave|Raleigh|Gr.|K6P 6L4|Zambia	1 96 589 2668-2489	non.vestibulum@vulputate.edu
Ulysses Mason	P.O. Box 977, 6738 Eu, Street|Rutland|Oregon|53878|Niue	1 72 600 7965-2749	et.malesuada@vulputate.edu
Joel Smith	4449 Ligula. Street|Cedar Falls|QC|98540|Gabon	1 99 801 6164-8823	eleifend@amet.org
Octavius Mcconnell	3304 Adipiscing Rd.|La Verne|MB|7312GA|Macedonia	1 60 170 7461-9444	metus@enimnec.ca
Quemby Owen	5598 Vitae Avenue|Reno|Lanarkshire|23332|Sudan	1 87 142 5392-4910	rutrum.urna@etmagnisdis.edu
Glenna Curry	1422 Id St.|Stafford|Northwest Territories|RD68 6OB|Nepal	1 35 396 6187-9060	sem.egestas@utsem.ca
Slade Nixon	782-8061 Arcu. Rd.|Anaheim|KS|87787|Gambia	1 81 233 2202-9497	erat.eget@metus.com
Camden Steele	Ap #444-4513 Eu Rd.|Lockport|Co. Cork|84079|Albania	1 53 663 9724-2887	sem.elit@congueturpisIn.ca
Ginger Vega	Ap #392-8140 A St.|Helena|Overijssel|0783QS|Bahamas	1 16 974 3633-1615	eu.euismod@augueSedmolestie.ca
Harriet Golden	6533 Id Ave|San Bernardino|Nova Scotia|4577UK|Tanzania, United Republic of	1 39 801 6458-1359	Nulla.eget.metus@consequat.edu
Dennis Garner	516-8492 Sed Road|St. George|Iowa|41855|Ghana	1 54 445 6797-1110	Maecenas@viverraDonec.ca
Baker Mendez	Ap #205-3233 Orci, Road|Auburn Hills|ARM|3814ZI|Latvia	1 16 166 2305-9289	aliquam.adipiscing@Maecenasiaculis.com
Baker Mendez	Ap #205-3233 Orci, Road|Auburn Hills|ARM|3814ZI|Latvia	1 16 166 2305-9289	aliquam.adipiscing@Maecenasiaculis.com
Baker Mendez	Ap #205-3233 Orci, Road|Auburn Hills|ARM|3814ZI|Latvia	1 16 166 2305-9289	aliquam.adipiscing@Maecenasiaculis.com
Luke Odom	Ap #740-4626 Non St.|Idaho Falls|Yukon|LP2 3VD|Guinea	1 31 966 5387-9613	ultrices.iaculis@sedpedenec.com
Colorado Lyons	P.O. Box 702, 8196 Adipiscing Road|Phenix City|Strathclyde|X7T 8H9|Comoros	1 79 944 2945-0137	elit@sit.edu
Beverly Gay	P.O. Box 742, 5119 Sed Rd.|Spokane|Groningen|II2K 4QE|Mauritania	1 24 735 1011-7602	aliquet@enimcommodo.edu
Xaviera Brady	8135 Nisi Av.|Cleveland|TN|9350BF|Bhutan	1 32 388 4898-6768	nibh.Phasellus.nulla@magnisdis.com
Oprah Howe	Ap #543-5674 Cras Rd.|Baton Rouge|Ontario|0227ZX|Maldives	1 77 120 7714-4695	convallis.erat.eget@maurisut.com
Alvin Joyce	8103 Neque Street|Frederick|London|38973|Nicaragua	1 78 435 3757-1869	lacus@leoelementumsem.org
Wylie Pacheco	619-5285 Donec Ave|North Chicago|Ov.|26534|Comoros	1 36 827 6240-9764	vehicula.risus@imperdieteratnonummy.ca
Bradley Walsh	492-3976 Vel Rd.|Normal|DGY|T4 6SG|Fiji	1 26 314 1234-8882	leo.Vivamus@lectus.org
Hilel Norton	P.O. Box 786, 786 Proin Rd.|Wausau|Kentucky|1980UR|Ethiopia	1 36 561 9393-5644	purus.gravida.sagittis@sed.edu
Hilel Norton	P.O. Box 786, 786 Proin Rd.|Wausau|Kentucky|1980UR|Ethiopia	1 36 561 9393-5644	purus.gravida.sagittis@sed.edu
Wang Lyons	P.O. Box 956, 961 Gravida Avenue|Calabasas|Vermont|21178|Monaco	1 37 741 9374-2843	Nulla.interdum.Curabitur@semut.org
Steel Briggs	9578 Donec Ave|Mobile|BC|99542|Jordan	1 85 400 4694-3743	leo@adipiscingelit.org
Hilary Fulton	479-9590 Consectetuer St.|Hackensack|NAI|32279|Norfolk Island	1 12 352 8956-0900	tempor@Aliquamultrices.edu
Kibo Phelps	723-7512 Urna. Avenue|Redlands|Yukon|C8I 1UI|Christmas Island	1 17 718 3822-2900	Lorem.ipsum.dolor@duiin.org
Benedict Townsend	P.O. Box 329, 3596 Sed Street|Buena Park|NS|08038|Armenia	1 47 195 7042-2645	aliquam.eu.accumsan@urna.ca
Sawyer Peters	2769 Magna Street|Battle Creek|BC|W6R 1W3|Moldova	1 51 658 6452-7457	mus.Donec@Sedcongueelit.org
Sawyer Peters	2769 Magna Street|Battle Creek|BC|W6R 1W3|Moldova	1 51 658 6452-7457	mus.Donec@Sedcongueelit.org
Sawyer Peters	2769 Magna Street|Battle Creek|BC|W6R 1W3|Moldova	1 51 658 6452-7457	mus.Donec@Sedcongueelit.org
acqueline Humphrey	P.O. Box 632, 653 Quam St.|Pass Christian|YKS|91265|Seychelles	1 50 537 2324-5205	ridiculus.mus.Proin@Donecnibhenim.ca
Ivana Knapp	P.O. Box 292, 7815 Mus. Av.|Batavia|CWD|8883EZ|Ukraine	1 22 662 1189-2062	euismod.est@lacinia.org
Declan Emerson	2183 Integer Av.|Norton|WIC|RX45 1OG|Jamaica	1 99 534 7525-5413	elit.dictum@vestibulumlorem.edu
Jessamine Barber	Ap #446-1764 Ut Street|Boston|Idaho|59414|Oman	1 50 887 9376-5307	convallis.convallis@elementum.com
Renee Rollins	1398 Cras St.|Agoura Hills|BC|9016PN|Reunion	1 30 731 1194-1751	tortor@ametorciUt.com
Shaeleigh Guzman	P.O. Box 325, 8448 Tempor Av.|Brunswick|Zld.|41468|Antarctica	1 88 753 9378-2810	ac.mattis.semper@Etiambibendum.com
Rebekah Munoz	5198 Molestie Ave|Rocky Mount|LA|X8M 7AI|Thailand	1 12 469 8461-2669	Nunc@molestie.ca
Hermione Chaney	Ap #899-2786 Aliquet, Road|Kearney|AB|Q6G 8E9|Seychelles	1 32 940 4617-2096	Cras.convallis@nibh.ca
Noble Carr	P.O. Box 395, 5317 Posuere Avenue|Oxford|BOR|1814YD|Bermuda	1 41 351 9638-7734	mauris@venenatis.ca
Grady Kramer	520-783 Curabitur Avenue|Charlottesville|Tennessee|64631|Barbados	1 84 802 7477-3024	erat@molestieSedid.org
Jerome Peters	Ap #736-1323 Amet Street|Fresno|Co. Leitrim|0713UJ|Solomon Islands	1 92 728 2945-6169	nunc.risus@quamdignissim.com
Cameran Lester	Ap #519-7959 Rutrum Ave|Henderson|Drenthe|25497|Argentina	1 80 558 8638-4922	sem@rutrumurna.ca
Hedley Moran	P.O. Box 367, 191 Tempor St.|Fontana|Breconshire|GW5 6UU|Timor-leste	1 27 366 7287-2175	molestie@Donecconsectetuermauris.org
Steel Glover	3205 Nullam Rd.|Rapid City|ELN|G5W 1U0|Somalia	1 40 116 7902-4861	Curabitur.ut@Phasellusvitae.edu
Timothy Spencer	P.O. Box 508, 7375 Enim Rd.|Parma|NJ|9053ZE|Mexico	1 66 286 1615-8534	odio.semper.cursus@luctuslobortisClass.org
Timothy Spencer	P.O. Box 508, 7375 Enim Rd.|Parma|NJ|9053ZE|Mexico	1 66 286 1615-8534	odio.semper.cursus@luctuslobortisClass.org
Rachel Morse	Ap #596-6148 Class Ave|San Bernardino|YT|87463|Qatar	1 22 815 5817-5822	velit.Sed@sollicitudin.org
Patience Rios	2655 Cras Rd.|Frederick|Alberta|S6H 4F1|Panama	1 48 152 8394-8961	Vivamus.rhoncus.Donec@aliquetsemut.edu
Emery Potts	813-2522 Ornare Rd.|Baltimore|Fr.|P3Q 4F3|Malta	1 90 400 7772-2542	Suspendisse.aliquet@turpisegestas.com
Claire Torres	P.O. Box 232, 613 Ante Rd.|Joplin|LKS|J9I 6M8|Tunisia	1 19 594 6831-0514	elit.pede@Sed.org
Margaret Mcintosh	1672 Mollis. Street|Nevada City|Co. Carlow|22132|Puerto Rico	1 57 118 5741-8699	ullamcorper@nisiCum.ca
Rosalyn Moses	P.O. Box 710, 9039 Velit St.|La Jolla|Fl.|1040TK|Western Sahara	1 10 550 3244-4039	ligula.Nullam.feugiat@edu
Aiko Tucker	Ap #464-6394 Fusce Road|Nichols Hills|Ontario|2876YB|Myanmar	1 94 396 3867-4040	sed.facilisis.vitae@Craslorem.org
Urielle Mitchell	P.O. Box 233, 1955 Placerat Avenue|Walla Walla|South Carolina|R7X 2W3|Colombia	1 83 700 6785-7977	tellus.justo.sit@semsemper.edu
Hamilton Graves	117-8286 Lectus St.|Delta Junction|SD|6594NR|Central African Republic	1 42 733 2622-1213	senectus@utnulla.edu
Gregory Blanchard	4283 Sollicitudin Road|Anaconda|Z.-H.|OH9 8LF|Venezuela	1 84 128 3692-9669	pulvinar.arcu.et@acmi.edu
Brady Blackwell	Ap #171-900 Ut Rd.|Waterbury|Friesland|B4K 1C0|Albania	1 11 592 6961-6715	consequat.dolor.vitae@anteMaecenasmi.edu
Brady Blackwell	Ap #171-900 Ut Rd.|Waterbury|Friesland|B4K 1C0|Albania	1 11 592 6961-6715	consequat.dolor.vitae@anteMaecenasmi.edu
Bruce Lynch	P.O. Box 189, 6188 Vulputate, Rd.|Irving|MLN|NQ8E 3AT|Aruba	1 27 918 5045-1096	amet.orci.Ut@enim.edu
Aubrey Hodges	P.O. Box 220, 6912 Diam St.|Waltham|AB|HC1 4DC|Burundi	1 85 516 5525-6425	nec.tellus.Nunc@egetvenenatis.com
Lionel Mayo	P.O. Box 994, 968 Magna. Av.|Fresno|Friesland|W7H 5DO|Botswana	1 88 662 3160-4617	neque.pellentesque.massa@dolor.com
Haviva Rich	P.O. Box 291, 5821 Eu Ave|Twin Falls|Dr.|Q8E 1N3|Seychelles	1 30 924 4090-2161	Donec.vitae@Nunc.ca
Alexandra Mullen	9311 Mauris Rd.|Caguas|Minnesota|28830|Viet Nam	1 92 673 3649-4883	sociis@auctorMauris.org
Warren Church	P.O. Box 990, 3043 Non Road|Hastings|U.|A8A 5T8|Tanzania, United Republic of	1 73 490 3127-2205	gravida@Suspendisse.edu
Xerxes Adams	974-3754 Leo. Road|Farmer City|Suffolk|8510VG|Palestinian Territory, Occupied	1 93 986 9853-2565	vel.nisl@urnaNullam.com
Xerxes Adams	974-3754 Leo. Road|Farmer City|Suffolk|8510VG|Palestinian Territory, Occupied	1 93 986 9853-2565	vel.nisl@urnaNullam.com
Hasad Lawson	8098 Tristique St.|Wilkes-Barre|RFW|6789ZK|Niue	1 69 213 4587-6666	justo.sit.amet@dolorQuisquetincidunt.ca
Jada Bartlett	7582 Amet St.|Spokane Valley|Kinross-shire|0918QU|Liechtenstein	1 36 107 9474-6614	erat@Curabitur.ca
Ronan Boyd	259-5743 Turpis Rd.|Inglewood|Flevoland|V3L 5Z6|Venezuela	1 34 312 1215-7311	ullamcorper.Duis.cursus@mi.org
Kelly Mercer	P.O. Box 716, 7257 Metus. Avenue|Laguna Hills|MI|DR1 8ZH|Algeria	1 69 244 7016-2837	nulla.ante.iaculis@consequat.org
Tallulah Willis	735-9290 Elementum Av.|Christiansted|Flevoland|JQ3 5MS|French Polynesia	1 52 519 4101-6808	eros.Proin@Etiamligulatortor.org
Ross Rutledge	479-4573 Magna St.|Wichita Falls|Alberta|G8I 9P3|Sao Tome and Principe	1 32 709 6866-1011	elit.dictum.eu@condimentumeget.org
Jarrod Bell	5548 Lorem, Rd.|Seal Beach|Flevoland|8205KC|Philippines	1 59 802 4537-1039	in.tempus@Sedcongueelit.com
Clinton Cannon	Ap #494-3980 Sit Rd.|Sandy|NE|30741|Belarus	1 47 304 7267-7111	Nulla.eu.neque@at.com
Piper Stewart	Ap #666-2657 Pellentesque Street|Winnemucca|Maine|A7W 7X0|Turkmenistan	1 97 100 7990-6535	natoque@magnaSedeu.com
Paul Peters	9258 Et Rd.|Middletown|L.|A3Q 0ZE|Indonesia	1 64 755 2229-8083	lectus.Cum@quisdiamPellentesque.org
Yetta Hendrix	9097 Vel Street|Elkhart|SEL|R59 6KZ|Kuwait	1 75 256 7409-7889	dui@litoratorquent.edu
Brenden Wooten	824-3050 Vitae Rd.|Seal Beach|Ov.|Z1D 7Y9|Palau	1 12 123 2247-5203	imperdiet.nec.leo@laciniaorci.com
Kiona Aguirre	1179 Integer St.|Agoura Hills|Zld.|55230|Mayotte	1 44 639 3752-5526	lorem.lorem@torquentperconubia.edu
Brittany Molina	P.O. Box 439, 4215 Integer Rd.|Mequon|DEV|H8J 8L6|Micronesia	1 18 520 6912-9564	tristique.ac@egestas.org
Kuame Reynolds	P.O. Box 608, 4433 Sodales St.|West Valley City|HLD|O7H 5G9|Vanuatu	1 73 309 8849-9049	vitae.velit.egestas@sit.org
Noah Walter	189-9442 Pede. Road|Blacksburg|NT|ZD59 1YW|Belgium	1 71 638 5329-4108	molestie.dapibus@purus.com
Xavier Owens	P.O. Box 542, 8015 At, Rd.|Radford|Grampian|B6C 5T1|Haiti	1 45 639 6042-3900	sit.amet@Praesenteudui.edu
Arthur Boone	828-7867 Tristique Ave|Westfield|Bute|59199|Cyprus	1 93 369 3709-4472	Praesent.eu@pellentesqueSed.org
Dane Cummings	Ap #904-4488 Dui, Rd.|Fremont|Arkansas|5120NY|Grenada	1 95 903 2266-9512	scelerisque.dui@Pellentesquetincidunt.org
Nadine Hendrix	957-1505 Cras Rd.|Morrison|MB|I6 3HG|Kiribati	1 66 209 7734-3834	nec.eleifend@hendreritDonecporttitor.org
Nadine Hendrix	957-1505 Cras Rd.|Morrison|MB|I6 3HG|Kiribati	1 66 209 7734-3834	nec.eleifend@hendreritDonecporttitor.org
Dawn Mendez	Ap #490-3771 Proin Ave|Ann Arbor|Louisiana|T4O 1H9|Liberia	1 74 231 4951-6956	Mauris@apurusDuis.com
Shay Leonard	Ap #879-5540 Tincidunt. Av.|Yonkers|Gld.|GK8W 3IM|Iran, Islamic Republic of	1 54 893 4619-5699	sem@sodales.com
Aaron Mcguire	818-2683 Mauris Av.|Belpre|Vermont|5020SG|Angola	1 94 337 3921-1042	Lorem.ipsum.dolor@mollislectus.edu
Maile Keller	269-922 Consequat, Rd.|Jonesboro|Ov.|IE8N 2HU|Albania	1 34 920 4157-3628	ullamcorper.viverra.Maecenas@metuseu.com
Maile Keller	269-922 Consequat, Rd.|Jonesboro|Ov.|IE8N 2HU|Albania	1 34 920 4157-3628	ullamcorper.viverra.Maecenas@metuseu.com
Montana Key	P.O. Box 326, 7527 Consectetuer Rd.|Bowie|Virginia|1605HH|Greece	1 26 811 5601-9380	adipiscing@aliquetmetus.ca
Montana Key	P.O. Box 326, 7527 Consectetuer Rd.|Bowie|Virginia|1605HH|Greece	1 26 811 5601-9380	adipiscing@aliquetmetus.ca
Alyssa Mcintyre	Ap #212-1238 Sed Avenue|Eufaula|Tennessee|5345RJ|Luxembourg	1 72 931 9999-6008	Aenean@eusem.org
Chiquita Adams	846-7020 A St.|Plattsburgh|CAV|M0 4CC|Lesotho	1 94 242 7622-7504	Maecenas@montesnascetur.edu
Garrett Robles	108-4920 Elit, Avenue|Rock Island|YT|8955NR|Andorra	1 80 640 9209-5042	ac@eu.ca
Thor Price	778-9923 Est. St.|Laguna Woods|Dr.|M2E 1G5|Ethiopia	1 39 457 3214-7942	dolor@In.org
Aphrodite Fuentes	176-8049 Senectus Street|Normal|Cumberland|07176|Nepal	1 19 622 2350-6914	sollicitudin.orci@est.com
George Owens	707-5858 Nam Av.|Kenosha|Dunbartonshire|W7H 5T4|Western Sahara	1 48 381 6514-9894	luctus@malesuadafringilla.edu
Ulric Hines	Ap #453-3413 Libero Rd.|Jeffersonville|Fl.|X2 1XD|Bosnia and Herzegovina	1 34 898 1822-3966	ornare.libero@etrutrum.com
Hedwig Baker	498-2027 Nisi. Rd.|Fremont|Utrecht|3357GE|Hong Kong	1 64 908 4128-5708	odio.tristique@eget.ca
Kermit Lawrence	Ap #485-3979 Egestas. St.|West Bend|MI|98645|New Zealand	1 39 931 7877-9322	posuere@accumsanconvallis.com
Tatiana Dejesus	P.O. Box 693, 1228 Nec Road|Austin|PE|B8V 9D0|Djibouti	1 43 687 5088-1492	ac.orci.Ut@semelitpharetra.edu
Lacy Strickland	4357 Egestas Ave|Salinas|WLN|1120JS|Zambia	1 66 726 7851-6453	netus@gravida.edu
Asher Holman	Ap #309-8045 Netus Ave|Rock Island|MO|8944LZ|Spain	1 78 980 1386-8146	orci.tincidunt@arcuacorci.edu
Iliana Leon	8608 Magna. Road|Durango|Groningen|L3Z 2F0|Namibia	1 86 953 9085-4846	consectetuer.euismod.est@ornareFusce.ca
Stella Griffith	234-7877 Dolor Street|Plattsburgh|Friesland|3197AK|Iceland	1 81 700 6419-8275	venenatis.lacus@duiCum.edu
Chloe Levy	235 Amet Rd.|Staunton|NE|KI7I 1AB|Panama	1 47 209 3558-3573	penatibus.et@dui.com
Chloe Levy	235 Amet Rd.|Staunton|NE|KI7I 1AB|Panama	1 47 209 3558-3573	penatibus.et@dui.com
Anne Kent	P.O. Box 545, 2705 Mollis Avenue|Stillwater|U.|ZC4 3PD|Norway	1 24 907 9589-7315	Ut@mollisnec.org
Quinn Rodriquez	532-1142 Ac St.|Janesville|Drenthe|W2Y 6O1|Chile	1 87 694 4735-0864	odio.Aliquam.vulputate@Nuncquis.edu
Nyssa Cole	356-8863 Mauris St.|New Rochelle|Iowa|Q7H 7OY|Cocos (Keeling) Islands	1 30 792 4154-6832	a@nequeNullam.com
Henry Hodge	5145 Consectetuer Street|Waukegan|Stirlingshire|A6Q 5F4|Saudi Arabia	1 45 689 1238-5235	ut.cursus.luctus@rutrum.ca
Acton Johnson	7441 Lacus Rd.|Minot|Overijssel|4262WV|Niue	1 46 856 7513-1006	a.purus@faucibusMorbivehicula.com
Joelle Hewitt	951-3209 Tempus, Av.|Pine Bluff|Gr.|ZX01 9EU|Mexico	1 64 899 3586-5131	posuere.vulputate.lacus@imperdietullamcorper.ca
Lana Best	3061 Nunc Street|Duquesne|SRK|XE4 6SP|Zambia	1 83 933 8840-2234	sem@utsemNulla.ca
Karleigh Soto	336-924 Non, St.|North Platte|Gld.|3546TW|Azerbaijan	1 96 706 3924-4550	Fusce@magnaUt.ca
Leigh Fisher	915-4705 Amet, St.|Taunton|LOG|P8Q 1J1|Austria	1 63 522 1581-8757	fringilla@Seddiam.ca
Xanthus Fischer	8752 Pellentesque Rd.|Covina|Dorset|7419IX|Madagascar	1 10 253 9466-0552	vitae@egetdictum.org
Quinn Watson	1947 At Rd.|Florence|IL|X72 5VU|Burkina Faso	1 29 262 9317-8091	Nunc.lectus@elementumat.org
Carla Roman	P.O. Box 521, 220 Aliquam St.|Salt Lake City|Noord Brabant|79660|Micronesia	1 83 824 5322-4275	dapibus@sed.edu
Sheila Hampton	Ap #411-6809 Consectetuer, Av.|Kennewick|NL|N4N 1P2|Luxembourg	1 77 638 5742-4798	Sed@urnaNullamlobortis.edu
Scarlett Barton	P.O. Box 210, 4817 In Avenue|Los Alamitos|Nova Scotia|V9J 3S2|British Indian Ocean Territory	1 75 116 9158-3738	eu.metus@doloregestasrhoncus.ca
Priscilla Valentine	572-7103 Bibendum. Av.|Half Moon Bay|District of Columbia|D9Y 5S2|French Polynesia	1 11 329 1149-6969	ligula.eu.enim@hendrerit.org
Tana Noel	P.O. Box 934, 9724 Senectus Av.|Baldwin Park|Northwest Territories|H7Z 9P6|Togo	1 42 938 8076-0661	nisi.Aenean@quisarcuvel.ca
Nathaniel Atkinson	917-514 Et Ave|West Valley City|Noord Brabant|JI2 4ZY|Mozambique	1 50 528 2279-5605	dolor.nonummy@Ut.ca
Alexa Pena	236-6953 Justo. Road|Newport Beach|Groningen|6941PK|Palau	1 13 711 7861-1887	leo@penatibuset.org
Joy Bell	429-4821 Ac Av.|Frankfort|ON|93901|Rwanda	1 84 720 4712-5460	sed.dictum.eleifend@loremfringillaornare.org
acqueline Nixon	8013 Rhoncus St.|Tempe|British Columbia|65891|Greenland	1 61 198 7684-7925	euismod.ac.fermentum@Donecnonjusto.ca
Xander Chase	328-4446 Urna Ave|Altoona|Zeeland|CU9W 6FK|Lebanon	1 20 190 3376-5164	non.massa@vitaealiquam.edu
Ina Wade	724-1740 Tincidunt Road|Laguna Beach|MI|D7 3SX|Bahamas	1 23 745 8843-2904	justo.Proin@est.org
Martena Whitley	6096 Dictum St.|San Rafael|NC|S1R 1J6|Burundi	1 80 711 3708-8846	ipsum.porta.elit@loremauctorquis.edu
Martena Whitley	6096 Dictum St.|San Rafael|NC|S1R 1J6|Burundi	1 80 711 3708-8846	ipsum.porta.elit@loremauctorquis.edu
Ann Buck	948-6820 Nec Avenue|Jeffersontown|MLN|44833|Faroe Islands	1 90 274 2859-7894	enim@egestas.org
Briar Patel	388-7499 Nunc, Av.|Taunton|Wisconsin|R2E 5A0|United States Minor Outlying Islands	1 45 242 3120-5584	augue.ut@quisaccumsan.com
Philip Morales	474-3316 Orci Rd.|Ithaca|QC|J7H 9I1|Heard Island and Mcdonald Islands	1 65 117 7703-0474	Quisque@laciniaatiaculis.com
Nasim Simon	483-3049 In Avenue|Bloomington|NB|9279QN|Israel	1 60 323 1159-4925	molestie.tortor.nibh@ligulaNullamenim.edu
Anika Walsh	P.O. Box 204, 2316 Arcu. Street|Glens Falls|WI|02952|Central African Republic	1 18 604 7134-4456	In.ornare.sagittis@eusemPellentesque.ca
Jesse Howell	193-4474 Vitae, Rd.|Jacksonville|NL|32477|Zambia	1 36 514 4687-1285	eu.elit.Nulla@sociisnatoquepenatibus.ca
Jayme Paul	2332 Eros Rd.|Needham|U.|8026DN|Japan	1 72 668 5057-7493	sit.amet@Suspendissesed.ca
Jayme Paul	2332 Eros Rd.|Needham|U.|8026DN|Japan	1 72 668 5057-7493	sit.amet@Suspendissesed.ca
Hector Payne	P.O. Box 214, 7745 Nulla Avenue|Cape May|WMD|66740|Poland	1 86 211 1587-4992	ornare@egestasurna.com
Hyacinth Haley	4459 Cras Avenue|Sioux City|Dr.|55839|Sweden	1 31 957 4717-2076	Aliquam.rutrum.lorem@molestietortornibh.com
Roary Powers	P.O. Box 296, 5698 Curae; Rd.|Reedsport|Illinois|QW38 9CM|Tonga	1 52 480 1163-3100	lorem.vitae@PhasellusnullaInteger
Roary Powers	P.O. Box 296, 5698 Curae; Rd.|Reedsport|Illinois|QW38 9CM|Tonga	1 52 480 1163-3100	lorem.vitae@PhasellusnullaInteger.com
Roary Powers	P.O. Box 296, 5698 Curae; Rd.|Reedsport|Illinois|QW38 9CM|Tonga	1 52 480 1163-3100	lorem.vitae@PhasellusnullaInteger.com
Nissim Camacho	8896 Augue. Road|Evansville|CGN|6709BF|Antigua and Barbuda	1 28 297 6688-0672	Duis.elementum.dui@etnetus.org
Nehru Santiago	618-8483 Sagittis St.|Cheyenne|Quebec|W2K 8VD|Cape Verde	1 66 762 4546-9040	egestas.Duis@Donec.edu
Macey Cherry	Ap #743-7025 Vivamus Av.|Salem|MI|46436|Uruguay	1 52 377 4394-2419	nascetur@Duisvolutpat.org
Dacey Brooks	P.O. Box 720, 5324 Mi Ave|Ketchikan|Alberta|KW0Q 3FP|Mexico	1 50 413 5695-3506	iaculis.lacus@seddui.edu
Quail Mullins	P.O. Box 613, 5464 Aliquam Ave|Covington|Saskatchewan|7191RA|Samoa	1 28 469 1218-4636	mi.pede.nonummy@ac.org
Aphrodite Mcbride	9296 Gravida St.|Walnut|SK|26801|Micronesia	1 48 569 2297-7156	vestibulum@luctusipsum.ca
Kirk Whitehead	P.O. Box 186, 1177 Ipsum Road|Hoboken|Utrecht|T6A 5V5|Cook Islands	1 99 809 4067-1785	feugiat.tellus@in.com
Sybill Chase	6915 Sit Road|Buena Park|STS|B4V 8N6|New Caledonia	1 11 505 8973-3594	eu@faucibus.ca
Vernon Mullins	2828 Donec Rd.|Oswego|Borders|4927IU|Philippines	1 78 482 3794-4970	eget@nonlorem.org
Macon Berger	P.O. Box 902, 5736 Vestibulum, St.|Bell|New Brunswick|V0 1FY|Sri Lanka	1 32 683 2446-6551	quis.pede@maurisut.org
Isaac Caldwell	P.O. Box 491, 4957 At, Av.|Williston|L.|7494YM|Mozambique	1 51 146 5603-7487	Cras.vehicula.aliquet@tristiqueaceleifend.ca
Jarrod Ayers	P.O. Box 356, 5973 Proin Av.|Lancaster|Overijssel|C6M 8B2|Netherlands Antilles	1 97 635 1358-4848	porttitor@erat.edu
Dominique Neal	P.O. Box 903, 7993 Condimentum. Ave|San Dimas|ON|54792|Djibouti	1 83 711 7474-1039	scelerisque.dui.Suspendisse@venenatisvel.com
Dominique Neal	P.O. Box 903, 7993 Condimentum. Ave|San Dimas|ON|54792|Djibouti	1 83 711 7474-1039	scelerisque.dui.Suspendisse@venenatisvel.com
Sylvester Holman	Ap #742-6899 Placerat Ave|Brookfield|Nova Scotia|L7Q 6T9|Malaysia	1 57 211 1697-2643	ante.Maecenas.mi@sapienimperdiet.org
Deborah Blanchard	P.O. Box 280, 7438 Orci Street|Rolla|Newfoundland and Labrador|W6U 1F2|Haiti	1 11 728 9382-3001	ullamcorper.viverra.Maecenas@laciniaorciconsectetuer.edu
Otto Dodson	2493 Luctus Avenue|Sitka|Alberta|0413VF|Ghana	1 90 768 9301-3932	dolor.elit@sit.org
Hayley Watson	4072 Massa. Road|Kalispell|Tennessee|SG6W 6QG|Suriname	1 26 933 4247-2816	non.leo@gravidaPraesenteu.edu
Hayley Watson	4072 Massa. Road|Kalispell|Tennessee|SG6W 6QG|Suriname	1 26 933 4247-2816	non.leo@gravidaPraesenteu.edu
Camden York	Ap #540-2967 Elit St.|Franklin|N.-Br.|Q1V 8Z0|Mayotte	1 49 559 6576-1294	lorem.eget@Maecenaslibero.org
Julian Hendrix	4118 Vivamus Av.|Lincoln|Drenthe|C5X 7S1|Russian Federation	1 27 669 3136-0305	rhoncus.Proin@nullaCraseu.com
September Strong	7759 Donec Street|Henderson|Tyne and Wear|UB8K 0FK|Micronesia	1 66 501 3975-8591	Donec@sed.edu
Leila Neal	P.O. Box 359, 5784 Sociis Rd.|Bartlesville|North Dakota|86561|Martinique	1 83 714 7702-2248	libero.est@acfacilisis.com
